timestamp,open,high,low,close,volume
2025-06-20 00:00:00,107003.28,107109.8,106844.56,107074.22,67.3658
2025-06-20 00:01:00,106358.25,106516.37,106255.83,106275.26,72.3797
2025-06-20 00:02:00,106108.39,106234.61,106009.52,106111.28,89.8727
2025-06-20 00:03:00,105152.86,105235.38,105093.27,105245.14,37.6034
2025-06-20 00:04:00,105616.56,105758.74,105544.34,105616.4,35.0973
2025-06-20 00:05:00,106951.46,107044.59,106894.25,106981.87,75.064
2025-06-20 00:06:00,109315.4,109385.27,109232.28,109323.65,23.562
2025-06-20 00:07:00,105039.68,105225.23,104964.98,105103.97,41.8113
2025-06-20 00:08:00,108518.63,108594.2,108353.37,108427.49,93.2722
2025-06-20 00:09:00,108425.35,108617.76,108414.57,108433.93,55.433
2025-06-20 00:10:00,109681.34,109793.07,109626.52,109757.77,22.233
2025-06-20 00:11:00,108755.78,108909.84,108732.09,108750.99,14.0228
2025-06-20 00:12:00,106970.76,106988.57,106810.09,106939.92,45.1308
2025-06-20 00:13:00,106293.98,106412.91,106168.82,106391.06,35.6366
2025-06-20 00:14:00,105679.4,105768.84,105567.43,105704.6,28.9826
2025-06-20 00:15:00,108507.17,108583.94,108445.08,108464.99,16.5433
2025-06-20 00:16:00,106451.77,106627.65,106378.33,106461.6,61.702
2025-06-20 00:17:00,109520.03,109612.44,109470.55,109568.21,50.2383
2025-06-20 00:18:00,107299.73,107445.52,107211.16,107233.68,45.0898
2025-06-20 00:19:00,108776.29,108935.9,108745.55,108841.62,50.5114
2025-06-20 00:20:00,109114.85,109131.25,109027.62,109124.01,14.726
2025-06-20 00:21:00,106158.8,106309.99,106122.72,106211.82,10.144
2025-06-20 00:22:00,106917.25,106983.56,106884.14,106940.81,17.1431
2025-06-20 00:23:00,108772.47,108843.89,108667.84,108858.57,24.841
2025-06-20 00:24:00,108596.2,108673.95,108521.65,108545.59,64.1182
2025-06-20 00:25:00,106789.64,106832.3,106766.73,106808.49,79.6336
2025-06-20 00:26:00,108973.63,109121.86,108824.34,109005.71,74.3781
2025-06-20 00:27:00,107906.33,108036.59,107757.03,107941.2,45.7585
2025-06-20 00:28:00,106015.79,106094.62,105937.41,105975.88,26.9614
2025-06-20 00:29:00,106900.08,107061.94,106807.25,106967.97,49.5876
2025-06-20 00:30:00,108233.22,108387.18,108153.2,108284.69,63.2911
2025-06-20 00:31:00,108463.52,108657.17,108439.97,108480.05,99.9633
2025-06-20 00:32:00,105734.56,105931.96,105680.18,105664.67,15.8481
2025-06-20 00:33:00,105591.84,105702.94,105420.62,105598.91,40.5296
2025-06-20 00:34:00,105744.93,105830.48,105572.36,105681.95,11.33
2025-06-20 00:35:00,109861.39,109994.97,109839.83,109790.69,20.7618
2025-06-20 00:36:00,108044.72,108198.84,107962.63,108125.25,41.6424
2025-06-20 00:37:00,107560.82,107702.5,107520.36,107638.3,61.6361
2025-06-20 00:38:00,107800.76,107989.49,107637.26,107838.72,55.5686
2025-06-20 00:39:00,107937.42,107958.32,107918.64,107899.16,91.4968
2025-06-20 00:40:00,107095.4,107111.31,106975.92,107176.91,41.9446
2025-06-20 00:41:00,106175.03,106251.14,106042.25,106114.31,17.1374
2025-06-20 00:42:00,106525.82,106722.29,106383.4,106474.06,77.3659
2025-06-20 00:43:00,107263.35,107305.57,107140.58,107167.77,88.948
2025-06-20 00:44:00,108687.53,108742.58,108640.46,108753.63,30.3107
2025-06-20 00:45:00,105321.89,105409.89,105153.0,105380.12,93.4783
2025-06-20 00:46:00,108786.72,108925.61,108676.23,108877.5,17.7077
2025-06-20 00:47:00,109575.98,109695.53,109531.08,109504.19,53.6294
2025-06-20 00:48:00,108976.44,109066.69,108935.97,108891.58,95.2071
2025-06-20 00:49:00,105380.41,105538.76,105342.16,105404.72,71.7796
2025-06-20 00:50:00,106795.4,106947.72,106644.47,106752.51,67.0063
2025-06-20 00:51:00,108425.95,108578.77,108379.59,108338.11,59.6339
2025-06-20 00:52:00,106397.17,106464.75,106281.9,106312.1,68.2145
2025-06-20 00:53:00,109563.09,109583.7,109513.75,109577.6,77.2916
2025-06-20 00:54:00,107590.88,107701.37,107519.79,107548.2,26.7531
2025-06-20 00:55:00,108014.73,108126.68,107848.1,108038.13,42.7187
2025-06-20 00:56:00,108226.76,108285.68,108169.6,108202.78,93.5092
2025-06-20 00:57:00,109473.91,109608.97,109331.2,109567.46,77.2031
2025-06-20 00:58:00,107080.32,107128.61,107017.03,107091.81,59.3749
2025-06-20 00:59:00,109748.49,109935.13,109699.82,109795.28,16.9565
2025-06-20 01:00:00,107285.93,107310.69,107229.52,107199.71,16.078
2025-06-20 01:01:00,106600.44,106707.69,106533.95,106545.14,80.5955
2025-06-20 01:02:00,106477.88,106631.43,106289.0,106449.2,93.7512
2025-06-20 01:03:00,107832.82,107958.18,107692.53,107752.53,57.4763
2025-06-20 01:04:00,105055.07,105131.36,104892.23,105132.62,16.6546
2025-06-20 01:05:00,108604.81,108740.02,108422.14,108625.65,52.4347
2025-06-20 01:06:00,105997.71,106025.89,105861.67,105955.14,46.5283
2025-06-20 01:07:00,105443.22,105491.89,105333.13,105488.7,89.1662
2025-06-20 01:08:00,109052.11,109153.94,108874.01,109002.11,40.1954
2025-06-20 01:09:00,107721.95,107885.05,107571.5,107815.65,57.7898
2025-06-20 01:10:00,106855.85,107005.07,106839.27,106778.08,41.2933
2025-06-20 01:11:00,108521.8,108620.0,108420.08,108477.17,20.0199
2025-06-20 01:12:00,105035.64,105212.57,104872.88,105041.61,73.8796
2025-06-20 01:13:00,109003.06,109030.44,108959.22,109024.59,16.6692
2025-06-20 01:14:00,106842.83,107015.38,106692.22,106830.41,83.7511
2025-06-20 01:15:00,105243.06,105421.68,105125.63,105314.17,48.424
2025-06-20 01:16:00,108795.88,108935.04,108705.87,108821.28,44.0142
2025-06-20 01:17:00,106841.81,106852.6,106738.47,106881.31,70.1047
2025-06-20 01:18:00,108741.21,108882.96,108568.41,108675.84,61.6153
2025-06-20 01:19:00,105124.2,105223.45,105072.05,105063.7,71.3333
2025-06-20 01:20:00,106460.05,106554.34,106383.58,106378.85,29.2172
2025-06-20 01:21:00,108992.83,109102.91,108981.23,108906.71,83.7407
2025-06-20 01:22:00,107550.14,107599.79,107373.22,107455.21,51.7401
2025-06-20 01:23:00,106979.27,107166.73,106894.92,106993.21,17.8728
2025-06-20 01:24:00,108140.38,108245.61,108005.32,108187.39,48.9103
2025-06-20 01:25:00,106968.53,107056.89,106847.56,106981.06,53.3716
2025-06-20 01:26:00,109430.03,109482.12,109285.46,109422.23,23.9623
2025-06-20 01:27:00,108196.35,108330.04,108012.14,108101.93,94.0618
2025-06-20 01:28:00,107798.59,107880.78,107769.83,107864.92,62.5027
2025-06-20 01:29:00,107963.38,108086.52,107862.49,107922.56,78.1979
2025-06-20 01:30:00,105172.58,105216.63,105137.61,105261.53,70.3985
2025-06-20 01:31:00,106812.3,106883.55,106700.99,106796.67,28.2596
2025-06-20 01:32:00,105567.88,105762.18,105372.07,105634.56,83.6756
2025-06-20 01:33:00,105234.88,105428.59,105162.99,105248.25,62.5318
2025-06-20 01:34:00,108703.34,108853.98,108563.69,108687.29,16.0726
2025-06-20 01:35:00,108910.87,109016.47,108767.4,108998.62,72.3953
2025-06-20 01:36:00,105761.22,105825.07,105672.25,105696.34,19.1202
2025-06-20 01:37:00,105371.92,105499.57,105330.52,105376.15,28.7041
2025-06-20 01:38:00,107880.59,108073.73,107853.28,107838.97,12.5413
2025-06-20 01:39:00,105325.49,105339.35,105132.45,105351.01,27.894
2025-06-20 01:40:00,109276.25,109352.52,109230.97,109281.38,77.2469
2025-06-20 01:41:00,105402.31,105599.16,105215.67,105450.51,88.6853
2025-06-20 01:42:00,107778.89,107851.97,107617.1,107772.19,12.8918
2025-06-20 01:43:00,109190.64,109370.19,109107.66,109215.33,82.0644
2025-06-20 01:44:00,107957.75,108048.96,107812.61,107952.42,67.6617
2025-06-20 01:45:00,109950.97,110145.99,109843.49,109998.63,31.1879
2025-06-20 01:46:00,105444.76,105493.24,105343.31,105362.14,67.4102
2025-06-20 01:47:00,108728.14,108907.59,108541.08,108769.66,74.8004
2025-06-20 01:48:00,109517.49,109569.99,109473.06,109509.05,81.0322
2025-06-20 01:49:00,107491.28,107630.27,107448.86,107420.15,41.9948
2025-06-20 01:50:00,107330.27,107429.54,107244.68,107353.88,60.8682
2025-06-20 01:51:00,109154.49,109246.84,108979.39,109251.66,15.9263
2025-06-20 01:52:00,108933.45,108974.57,108781.95,108893.38,37.097
2025-06-20 01:53:00,105466.85,105525.79,105313.46,105436.36,76.7107
2025-06-20 01:54:00,108477.58,108549.54,108450.89,108409.0,51.7898
2025-06-20 01:55:00,105880.13,105893.45,105688.45,105958.14,75.8205
2025-06-20 01:56:00,106818.88,106969.43,106767.89,106786.45,48.0749
2025-06-20 01:57:00,105373.37,105392.06,105215.4,105356.71,77.7449
2025-06-20 01:58:00,109340.42,109458.6,109330.34,109261.38,58.8572
2025-06-20 01:59:00,108906.19,109085.7,108707.23,108943.97,48.5286
2025-06-20 02:00:00,105818.59,105980.71,105756.76,105755.21,55.3143
2025-06-20 02:01:00,106016.02,106085.91,105908.88,106071.37,42.5161
2025-06-20 02:02:00,106863.05,106882.28,106768.88,106918.53,18.3866
2025-06-20 02:03:00,107938.0,108049.46,107889.36,107887.64,85.0401
2025-06-20 02:04:00,107086.38,107159.62,106997.03,107111.08,47.6309
2025-06-20 02:05:00,106401.17,106546.38,106222.65,106424.87,38.5087
2025-06-20 02:06:00,106752.27,106870.4,106554.65,106660.66,34.5184
2025-06-20 02:07:00,108897.71,109073.77,108762.26,108891.74,82.8088
2025-06-20 02:08:00,105330.76,105483.8,105313.9,105276.41,44.6368
2025-06-20 02:09:00,105693.44,105780.34,105497.27,105633.63,34.2046
2025-06-20 02:10:00,106559.12,106740.03,106452.12,106500.27,70.9693
2025-06-20 02:11:00,106927.75,107090.04,106882.38,106878.82,89.9462
2025-06-20 02:12:00,109559.3,109594.71,109481.49,109507.83,75.6621
2025-06-20 02:13:00,108528.45,108598.22,108451.52,108593.59,87.392
2025-06-20 02:14:00,105201.86,105305.48,105050.56,105214.22,56.2531
2025-06-20 02:15:00,105169.57,105340.48,104971.03,105235.82,35.5301
2025-06-20 02:16:00,107557.06,107610.47,107473.66,107559.47,74.131
2025-06-20 02:17:00,108659.19,108751.58,108499.44,108636.56,73.483
2025-06-20 02:18:00,109015.56,109166.43,109003.44,109059.63,89.8097
2025-06-20 02:19:00,109271.49,109305.87,109198.97,109297.83,94.0005
2025-06-20 02:20:00,109594.13,109606.99,109419.28,109590.51,68.1946
2025-06-20 02:21:00,109621.39,109645.35,109468.55,109525.39,61.685
2025-06-20 02:22:00,105158.39,105175.87,105110.99,105060.09,50.222
2025-06-20 02:23:00,105783.83,105966.88,105749.31,105698.45,15.4731
2025-06-20 02:24:00,109798.22,109887.6,109702.22,109830.4,82.3215
2025-06-20 02:25:00,109105.61,109294.83,109086.71,109108.64,67.5304
2025-06-20 02:26:00,109918.08,110063.03,109783.77,109872.78,87.1536
2025-06-20 02:27:00,107462.3,107589.83,107355.52,107372.44,41.5103
2025-06-20 02:28:00,108854.8,109048.98,108823.76,108922.37,91.1144
2025-06-20 02:29:00,105002.38,105078.13,104933.35,105012.25,56.547
2025-06-20 02:30:00,106855.75,106979.15,106753.38,106776.57,56.2142
2025-06-20 02:31:00,107136.03,107158.27,107064.08,107109.36,41.4871
2025-06-20 02:32:00,108887.53,108945.36,108739.61,108858.66,13.1771
2025-06-20 02:33:00,107399.42,107593.69,107344.43,107422.46,68.7067
2025-06-20 02:34:00,105116.8,105235.91,104927.07,105063.26,95.8998
2025-06-20 02:35:00,108619.42,108761.56,108451.2,108717.87,93.433
2025-06-20 02:36:00,107068.73,107157.67,106996.31,107106.66,38.4953
2025-06-20 02:37:00,108412.65,108560.4,108360.14,108379.15,44.3948
2025-06-20 02:38:00,105306.36,105386.82,105261.24,105391.84,11.2194
2025-06-20 02:39:00,108097.46,108235.4,107925.43,108143.88,11.9703
2025-06-20 02:40:00,108707.79,108722.93,108639.99,108705.17,57.2644
2025-06-20 02:41:00,105597.46,105690.0,105493.81,105655.82,59.7785
2025-06-20 02:42:00,107591.87,107730.44,107529.8,107673.16,41.9593
2025-06-20 02:43:00,107985.94,108019.63,107894.62,107996.86,43.4168
2025-06-20 02:44:00,109517.73,109587.61,109371.88,109588.13,60.6679
2025-06-20 02:45:00,107531.49,107541.79,107440.79,107571.99,27.4508
2025-06-20 02:46:00,107692.62,107722.1,107600.03,107749.1,87.2615
2025-06-20 02:47:00,108524.52,108612.86,108362.06,108544.12,61.9345
2025-06-20 02:48:00,105006.93,105073.95,104986.03,105059.56,63.0863
2025-06-20 02:49:00,107904.9,108008.14,107798.96,107819.63,72.9888
2025-06-20 02:50:00,106883.4,106983.79,106832.89,106857.82,51.7532
2025-06-20 02:51:00,106059.01,106191.99,105870.27,106080.18,22.3248
2025-06-20 02:52:00,109268.57,109373.29,109128.08,109240.93,10.5952
2025-06-20 02:53:00,105714.32,105784.76,105703.4,105813.89,22.5303
2025-06-20 02:54:00,105310.58,105440.86,105209.14,105280.27,89.7775
2025-06-20 02:55:00,105768.06,105867.85,105689.76,105807.74,54.8517
2025-06-20 02:56:00,108450.21,108477.56,108426.01,108530.54,88.236
2025-06-20 02:57:00,108623.4,108713.01,108591.5,108598.16,67.2132
2025-06-20 02:58:00,109299.47,109382.77,109270.54,109236.25,35.1125
2025-06-20 02:59:00,108773.07,108915.51,108711.97,108677.61,65.2176
2025-06-20 03:00:00,106873.37,106984.72,106776.26,106819.39,70.4166
2025-06-20 03:01:00,105794.35,105910.59,105658.31,105722.26,93.8347
2025-06-20 03:02:00,105853.16,106027.57,105808.92,105852.12,35.1623
2025-06-20 03:03:00,107214.5,107299.79,107163.83,107238.91,77.7394
2025-06-20 03:04:00,107039.86,107124.52,106958.65,106942.99,84.4458
2025-06-20 03:05:00,106394.78,106405.1,106362.46,106352.74,91.3765
2025-06-20 03:06:00,105353.23,105379.64,105242.72,105380.06,65.7323
2025-06-20 03:07:00,106106.41,106166.08,105921.56,106049.77,27.2546
2025-06-20 03:08:00,107803.55,107944.26,107695.52,107823.68,44.9567
2025-06-20 03:09:00,108923.98,109047.74,108870.09,108889.85,76.4623
2025-06-20 03:10:00,107422.34,107605.55,107317.27,107483.45,62.2014
2025-06-20 03:11:00,108934.74,109070.89,108834.59,108904.79,19.0558
2025-06-20 03:12:00,108125.49,108142.03,108105.96,108123.87,63.2975
2025-06-20 03:13:00,109431.06,109577.2,109364.06,109497.33,90.9521
2025-06-20 03:14:00,109533.21,109598.93,109510.16,109460.57,44.3339
2025-06-20 03:15:00,109757.85,109905.89,109667.16,109753.02,78.5516
2025-06-20 03:16:00,108007.94,108190.85,107810.12,107913.54,18.9037
2025-06-20 03:17:00,107316.55,107333.31,107305.38,107350.14,85.4476
2025-06-20 03:18:00,107287.56,107445.4,107141.38,107318.29,34.9513
2025-06-20 03:19:00,106829.52,106990.36,106645.88,106906.55,29.4289
2025-06-20 03:20:00,107862.89,107896.58,107762.97,107948.01,44.4832
2025-06-20 03:21:00,105425.32,105561.1,105267.03,105444.43,39.3256
2025-06-20 03:22:00,107401.17,107428.29,107230.43,107449.88,35.4024
2025-06-20 03:23:00,106498.13,106569.94,106420.02,106455.71,88.1276
2025-06-20 03:24:00,105184.67,105313.86,105076.44,105137.47,88.7715
2025-06-20 03:25:00,106063.23,106256.41,106019.08,106095.88,51.7908
2025-06-20 03:26:00,107386.28,107561.13,107297.49,107386.13,25.743
2025-06-20 03:27:00,107307.41,107354.61,107222.36,107279.29,48.9137
2025-06-20 03:28:00,106683.07,106810.04,106547.83,106649.89,52.0938
2025-06-20 03:29:00,105834.53,105857.18,105688.64,105923.59,61.1773
2025-06-20 03:30:00,106026.43,106052.22,105974.29,105983.48,61.1667
2025-06-20 03:31:00,105231.28,105308.01,105154.23,105171.88,57.0555
2025-06-20 03:32:00,109369.56,109507.25,109279.82,109451.33,53.9526
2025-06-20 03:33:00,109836.44,109969.9,109679.57,109740.98,13.9101
2025-06-20 03:34:00,107041.63,107134.3,106908.98,106980.12,36.7974
2025-06-20 03:35:00,105794.04,105957.19,105677.3,105791.44,60.6385
2025-06-20 03:36:00,109478.85,109669.86,109440.68,109473.92,79.1635
2025-06-20 03:37:00,106766.98,106930.97,106659.52,106671.16,53.8361
2025-06-20 03:38:00,109699.25,109805.56,109515.96,109680.02,33.6913
2025-06-20 03:39:00,107905.74,107925.59,107820.44,107856.59,66.8747
2025-06-20 03:40:00,107875.1,107980.49,107758.19,107915.21,12.2051
2025-06-20 03:41:00,108967.57,109059.62,108798.57,108941.48,80.7729
2025-06-20 03:42:00,106641.01,106655.94,106476.08,106701.08,95.8044
2025-06-20 03:43:00,106925.08,107040.03,106804.93,106868.35,40.0849
2025-06-20 03:44:00,106204.76,106310.02,106159.68,106152.72,50.4188
2025-06-20 03:45:00,106767.82,106840.27,106754.9,106708.62,62.5234
2025-06-20 03:46:00,105239.67,105374.72,105106.02,105218.89,63.1711
2025-06-20 03:47:00,107554.2,107724.75,107464.59,107554.69,54.2875
2025-06-20 03:48:00,105738.8,105828.57,105633.58,105785.92,69.0305
2025-06-20 03:49:00,106019.2,106173.27,105987.75,105993.56,47.464
2025-06-20 03:50:00,106799.22,106817.24,106760.15,106727.65,96.4061
2025-06-20 03:51:00,106193.13,106245.58,106025.26,106168.97,72.9073
2025-06-20 03:52:00,109302.98,109386.86,109187.99,109265.53,34.4483
2025-06-20 03:53:00,108008.62,108082.01,107963.07,108060.42,33.8536
2025-06-20 03:54:00,107564.79,107590.96,107379.87,107522.77,69.7149
2025-06-20 03:55:00,108752.72,108893.05,108686.69,108800.46,72.0028
2025-06-20 03:56:00,107610.86,107785.38,107597.39,107515.43,68.6298
2025-06-20 03:57:00,105118.15,105141.07,104984.58,105150.22,87.4008
2025-06-20 03:58:00,105169.93,105289.77,105017.98,105072.73,97.938
2025-06-20 03:59:00,109170.45,109195.77,109148.24,109203.97,92.9104
2025-06-20 04:00:00,106883.62,106965.94,106683.96,106886.64,88.2473
2025-06-20 04:01:00,109826.33,109842.7,109683.18,109887.76,38.2082
2025-06-20 04:02:00,109905.65,110048.14,109782.83,109903.52,42.7633
2025-06-20 04:03:00,109392.69,109563.19,109371.25,109335.57,98.6877
2025-06-20 04:04:00,109544.45,109628.33,109349.13,109603.8,40.571
2025-06-20 04:05:00,109133.31,109201.96,108960.04,109202.48,43.971
2025-06-20 04:06:00,109079.73,109202.55,108932.19,109089.13,26.7391
2025-06-20 04:07:00,109647.48,109697.72,109543.69,109695.52,16.3616
2025-06-20 04:08:00,106756.54,106790.34,106616.03,106678.65,24.8765
2025-06-20 04:09:00,109132.59,109153.96,109022.23,109136.88,17.4986
2025-06-20 04:10:00,106384.81,106558.58,106280.81,106473.42,20.8457
2025-06-20 04:11:00,106476.5,106532.43,106327.97,106565.33,31.4194
2025-06-20 04:12:00,108011.13,108155.52,107953.94,108068.81,99.9673
2025-06-20 04:13:00,106068.65,106225.47,106031.79,106108.32,80.6323
2025-06-20 04:14:00,108354.96,108502.55,108218.15,108446.04,93.5703
2025-06-20 04:15:00,106288.18,106450.51,106195.71,106221.23,30.6515
2025-06-20 04:16:00,107443.18,107565.34,107282.83,107434.8,86.907
2025-06-20 04:17:00,105448.2,105582.42,105361.39,105378.29,43.5459
2025-06-20 04:18:00,108244.65,108355.97,108114.25,108342.51,63.4104
2025-06-20 04:19:00,109701.6,109855.05,109556.0,109646.02,39.4846
2025-06-20 04:20:00,107198.49,107354.05,107051.45,107115.78,38.532
2025-06-20 04:21:00,109476.37,109557.77,109464.87,109529.82,51.1568
2025-06-20 04:22:00,109398.28,109434.88,109273.1,109491.34,63.5448
2025-06-20 04:23:00,105954.75,106054.21,105812.78,105994.69,30.6378
2025-06-20 04:24:00,106404.23,106570.11,106360.92,106309.34,78.3628
2025-06-20 04:25:00,108523.9,108701.18,108342.58,108602.52,26.7222
2025-06-20 04:26:00,106563.01,106732.23,106450.79,106620.58,34.528
2025-06-20 04:27:00,108891.53,109032.7,108712.93,108837.4,19.8906
2025-06-20 04:28:00,108177.07,108309.28,107985.09,108272.53,16.5504
2025-06-20 04:29:00,108282.03,108315.48,108109.46,108304.82,27.2774
2025-06-20 04:30:00,109218.87,109277.64,109029.02,109230.8,29.4381
2025-06-20 04:31:00,108291.66,108329.63,108242.17,108254.76,34.3407
2025-06-20 04:32:00,107202.73,107300.94,107122.13,107300.75,40.6901
2025-06-20 04:33:00,108184.06,108363.91,108038.09,108235.32,61.3484
2025-06-20 04:34:00,108583.61,108715.22,108564.3,108562.43,58.6981
2025-06-20 04:35:00,105116.48,105246.54,105062.13,105207.67,36.2627
2025-06-20 04:36:00,108026.15,108101.34,107843.3,108038.82,24.8047
2025-06-20 04:37:00,105161.86,105240.69,105058.59,105204.25,17.337
2025-06-20 04:38:00,109924.11,109978.23,109843.96,109880.96,10.2414
2025-06-20 04:39:00,109425.54,109535.05,109268.23,109505.77,91.4401
2025-06-20 04:40:00,108324.64,108508.36,108301.95,108397.61,29.9075
2025-06-20 04:41:00,106675.05,106700.31,106563.86,106576.05,24.1836
2025-06-20 04:42:00,108277.16,108474.6,108214.92,108368.62,23.9504
2025-06-20 04:43:00,108537.45,108551.95,108503.07,108483.27,73.9381
2025-06-20 04:44:00,108703.27,108848.47,108530.05,108607.75,20.4055
2025-06-20 04:45:00,105058.06,105250.68,104902.38,105020.69,13.3906
2025-06-20 04:46:00,105018.92,105080.68,104819.31,105116.07,33.4099
2025-06-20 04:47:00,109101.88,109135.83,108912.47,109106.04,28.4968
2025-06-20 04:48:00,106529.26,106600.46,106378.17,106608.53,41.4351
2025-06-20 04:49:00,105445.34,105503.14,105382.23,105491.47,69.7758
2025-06-20 04:50:00,106882.13,107012.52,106758.74,106847.63,46.6492
2025-06-20 04:51:00,105346.09,105484.39,105234.48,105258.97,74.7622
2025-06-20 04:52:00,109179.1,109269.51,109134.03,109250.65,48.2831
2025-06-20 04:53:00,109430.47,109500.71,109307.67,109356.22,61.4544
2025-06-20 04:54:00,109111.32,109155.47,108947.33,109133.68,66.4106
2025-06-20 04:55:00,109623.05,109668.85,109515.28,109548.54,99.8706
2025-06-20 04:56:00,107254.84,107391.25,107221.59,107241.51,83.9887
2025-06-20 04:57:00,107090.7,107212.57,107067.14,107141.16,34.3832
2025-06-20 04:58:00,109009.67,109195.82,108968.52,109072.15,83.3953
2025-06-20 04:59:00,107597.44,107742.27,107492.37,107530.0,25.9714
2025-06-20 05:00:00,108174.95,108215.79,108136.92,108215.99,20.7077
2025-06-20 05:01:00,105598.76,105675.26,105476.42,105524.55,45.591
2025-06-20 05:02:00,107164.22,107232.03,107130.12,107119.56,51.767
2025-06-20 05:03:00,109210.47,109340.07,109051.12,109223.73,82.5908
2025-06-20 05:04:00,109176.02,109366.0,109086.25,109085.16,70.9343
2025-06-20 05:05:00,105134.91,105248.55,105091.68,105035.71,93.6328
2025-06-20 05:06:00,107364.23,107501.22,107297.8,107264.7,18.6527
2025-06-20 05:07:00,105959.91,106000.46,105895.88,105931.69,59.507
2025-06-20 05:08:00,109884.18,109927.9,109802.92,109938.74,32.0433
2025-06-20 05:09:00,107659.71,107706.35,107554.27,107725.21,93.6342
2025-06-20 05:10:00,107951.23,108141.51,107855.36,107989.09,64.4295
2025-06-20 05:11:00,108534.15,108688.02,108516.62,108484.14,67.1626
2025-06-20 05:12:00,105642.34,105755.6,105589.94,105717.71,26.2293
2025-06-20 05:13:00,105231.67,105336.8,105220.54,105207.4,96.9706
2025-06-20 05:14:00,109236.25,109291.68,109178.9,109140.64,20.2009
2025-06-20 05:15:00,105373.41,105488.68,105259.69,105305.92,74.8223
2025-06-20 05:16:00,105476.71,105544.78,105335.54,105530.9,96.7639
2025-06-20 05:17:00,107754.49,107851.82,107735.65,107805.47,38.3891
2025-06-20 05:18:00,105286.74,105430.39,105222.79,105332.67,86.3026
2025-06-20 05:19:00,109134.88,109160.05,109039.03,109096.9,90.8821
2025-06-20 05:20:00,106734.79,106773.32,106638.5,106815.82,85.7253
2025-06-20 05:21:00,106432.79,106555.64,106273.99,106460.4,12.0654
2025-06-20 05:22:00,107837.01,108022.59,107641.7,107816.85,83.4041
2025-06-20 05:23:00,105314.19,105392.97,105145.18,105410.12,83.8559
2025-06-20 05:24:00,109694.55,109808.41,109651.43,109728.51,71.1163
2025-06-20 05:25:00,105827.73,105856.31,105795.23,105766.28,43.0113
2025-06-20 05:26:00,105998.88,106055.41,105978.23,106073.43,26.6868
2025-06-20 05:27:00,105714.88,105898.96,105563.1,105633.08,74.8137
2025-06-20 05:28:00,107121.49,107222.1,107079.04,107028.19,95.4995
2025-06-20 05:29:00,109066.97,109235.13,109015.39,109105.03,59.8834
2025-06-20 05:30:00,108283.0,108329.92,108085.29,108269.39,51.3694
2025-06-20 05:31:00,105880.12,106017.66,105747.7,105804.81,72.0462
2025-06-20 05:32:00,105154.05,105189.18,105008.46,105205.64,72.0895
2025-06-20 05:33:00,105396.21,105449.36,105284.17,105399.12,84.361
2025-06-20 05:34:00,107598.84,107666.58,107586.98,107543.81,27.079
2025-06-20 05:35:00,106884.67,106955.39,106872.2,106794.65,66.8376
2025-06-20 05:36:00,106243.31,106311.68,106226.62,106179.04,26.0353
2025-06-20 05:37:00,106508.05,106557.08,106476.73,106589.52,81.2544
2025-06-20 05:38:00,109226.93,109378.37,109194.82,109211.42,10.0112
2025-06-20 05:39:00,107815.17,107896.39,107693.16,107806.35,65.9334
2025-06-20 05:40:00,109883.7,109959.68,109688.91,109963.28,63.1221
2025-06-20 05:41:00,105351.48,105385.63,105211.38,105295.6,24.7242
2025-06-20 05:42:00,107463.74,107555.06,107306.78,107482.63,35.5062
2025-06-20 05:43:00,108941.15,109057.3,108928.44,109022.0,10.105
2025-06-20 05:44:00,105793.21,105870.98,105599.55,105738.82,15.503
2025-06-20 05:45:00,105184.26,105330.34,105118.97,105189.47,82.3495
2025-06-20 05:46:00,106820.93,107000.4,106674.34,106798.74,84.2979
2025-06-20 05:47:00,106645.83,106692.07,106529.75,106640.81,59.2727
2025-06-20 05:48:00,106914.22,107002.85,106786.96,106993.62,25.1051
2025-06-20 05:49:00,106214.52,106402.27,106134.88,106150.06,36.6983
2025-06-20 05:50:00,109303.1,109405.19,109230.13,109392.42,81.9491
2025-06-20 05:51:00,108384.17,108409.34,108196.44,108307.9,60.3232
2025-06-20 05:52:00,108533.57,108628.91,108465.07,108496.27,95.0668
2025-06-20 05:53:00,108257.65,108349.59,108181.23,108279.4,59.1386
2025-06-20 05:54:00,105489.44,105666.0,105441.08,105573.43,45.5187
2025-06-20 05:55:00,105474.72,105520.3,105276.44,105483.7,34.16
2025-06-20 05:56:00,106674.43,106761.09,106609.02,106685.79,13.7067
2025-06-20 05:57:00,106722.49,106805.48,106687.69,106798.0,14.1628
2025-06-20 05:58:00,105796.27,105811.76,105713.3,105835.26,42.7469
2025-06-20 05:59:00,109360.17,109538.04,109202.47,109298.28,73.1378
2025-06-20 06:00:00,105915.18,106073.03,105758.81,105854.54,14.363
2025-06-20 06:01:00,106750.37,106786.05,106560.75,106745.7,78.179
2025-06-20 06:02:00,107771.66,107900.71,107629.72,107737.67,60.2703
2025-06-20 06:03:00,105782.52,105808.17,105665.74,105864.92,94.683
2025-06-20 06:04:00,108451.91,108570.43,108321.77,108486.95,66.3241
2025-06-20 06:05:00,106612.95,106754.32,106435.87,106630.28,96.3539
2025-06-20 06:06:00,106503.25,106570.82,106474.35,106593.44,87.6217
2025-06-20 06:07:00,106969.07,107164.33,106871.67,107008.0,40.353
2025-06-20 06:08:00,108125.52,108178.62,107954.76,108179.09,70.8484
2025-06-20 06:09:00,109665.96,109808.65,109647.21,109662.32,69.1317
2025-06-20 06:10:00,109910.23,110109.88,109711.89,109826.27,48.7815
2025-06-20 06:11:00,107090.06,107277.92,106895.05,107027.36,94.4359
2025-06-20 06:12:00,109459.21,109530.44,109393.46,109551.19,92.9619
2025-06-20 06:13:00,106673.9,106722.67,106618.6,106595.37,16.2092
2025-06-20 06:14:00,105458.7,105527.31,105309.92,105394.21,15.4632
2025-06-20 06:15:00,106581.66,106629.02,106548.38,106661.73,88.5552
2025-06-20 06:16:00,107117.58,107194.88,106936.52,107051.86,21.899
2025-06-20 06:17:00,106882.88,107058.47,106777.75,106838.3,50.7803
2025-06-20 06:18:00,107432.13,107481.83,107318.93,107500.41,35.6237
2025-06-20 06:19:00,109354.21,109494.89,109242.95,109288.3,74.2019
2025-06-20 06:20:00,107445.56,107494.9,107324.86,107434.09,60.5597
2025-06-20 06:21:00,105043.52,105207.08,104855.23,104998.6,53.8913
2025-06-20 06:22:00,108336.15,108376.39,108196.41,108271.65,36.983
2025-06-20 06:23:00,106982.76,107039.58,106885.11,107037.21,86.0406
2025-06-20 06:24:00,105696.64,105716.79,105549.42,105599.38,32.1072
2025-06-20 06:25:00,109479.69,109541.79,109452.42,109483.68,63.4072
2025-06-20 06:26:00,108169.4,108289.08,108033.24,108101.25,54.324
2025-06-20 06:27:00,105905.79,106063.48,105799.49,105837.19,42.4142
2025-06-20 06:28:00,108105.5,108204.77,108033.21,108023.36,56.7878
2025-06-20 06:29:00,108548.31,108631.05,108420.98,108618.64,90.6214
2025-06-20 06:30:00,109466.31,109479.69,109382.64,109483.77,68.2972
2025-06-20 06:31:00,105499.77,105625.12,105424.87,105550.16,98.0649
2025-06-20 06:32:00,105044.33,105178.64,105015.67,104948.55,96.3138
2025-06-20 06:33:00,108488.04,108609.43,108298.75,108413.84,36.6425
2025-06-20 06:34:00,105422.39,105455.78,105378.87,105503.85,77.6601
2025-06-20 06:35:00,108973.07,109094.42,108801.9,109060.34,75.2397
2025-06-20 06:36:00,109626.53,109735.23,109493.73,109666.01,56.7316
2025-06-20 06:37:00,107500.99,107642.21,107355.37,107438.53,98.0473
2025-06-20 06:38:00,108488.6,108585.47,108335.66,108429.83,76.0331
2025-06-20 06:39:00,106149.42,106161.54,106113.87,106220.13,72.3026
2025-06-20 06:40:00,106554.0,106737.93,106387.43,106536.93,31.2798
2025-06-20 06:41:00,105795.99,105886.84,105599.91,105794.19,11.1604
2025-06-20 06:42:00,109491.52,109568.28,109459.48,109568.2,75.9992
2025-06-20 06:43:00,105950.77,105992.75,105900.91,106040.93,47.7897
2025-06-20 06:44:00,105853.11,105909.19,105669.2,105835.95,97.3645
2025-06-20 06:45:00,108395.01,108470.91,108340.42,108305.57,44.1463
2025-06-20 06:46:00,105552.05,105741.38,105397.01,105622.08,45.2266
2025-06-20 06:47:00,107214.19,107382.32,107079.52,107163.61,12.1882
2025-06-20 06:48:00,106003.08,106093.92,105814.31,105938.26,88.7558
2025-06-20 06:49:00,108010.2,108126.92,107894.56,108069.46,93.0364
2025-06-20 06:50:00,107461.72,107505.91,107314.87,107377.35,48.6222
2025-06-20 06:51:00,109181.51,109363.32,109139.7,109148.67,74.7253
2025-06-20 06:52:00,108926.48,108937.12,108772.65,108857.04,15.6845
2025-06-20 06:53:00,106838.86,107004.67,106674.84,106914.08,24.2164
2025-06-20 06:54:00,109201.37,109353.74,109042.95,109263.96,47.6301
2025-06-20 06:55:00,108193.59,108358.67,108142.75,108211.62,97.1858
2025-06-20 06:56:00,106359.19,106376.61,106190.73,106285.3,89.8216
2025-06-20 06:57:00,109492.36,109517.73,109372.93,109404.78,89.7851
2025-06-20 06:58:00,106592.9,106613.14,106569.49,106677.64,51.8262
2025-06-20 06:59:00,107997.82,108016.03,107961.26,108097.81,48.1017
2025-06-20 07:00:00,106650.83,106816.53,106454.9,106675.74,62.7971
2025-06-20 07:01:00,105358.96,105460.6,105307.83,105452.03,85.7504
2025-06-20 07:02:00,107527.16,107710.3,107359.95,107611.91,42.4066
2025-06-20 07:03:00,108570.45,108695.42,108557.34,108511.81,71.2488
2025-06-20 07:04:00,108789.98,108968.65,108598.57,108705.69,16.3477
2025-06-20 07:05:00,106991.78,107103.68,106902.9,106967.16,76.2656
2025-06-20 07:06:00,106592.63,106680.63,106453.13,106650.2,88.5341
2025-06-20 07:07:00,106981.01,107035.8,106844.76,107058.28,65.0522
2025-06-20 07:08:00,106709.88,106879.91,106639.27,106790.29,25.2775
2025-06-20 07:09:00,109757.35,109831.94,109671.16,109739.02,61.5757
2025-06-20 07:10:00,109410.12,109543.21,109230.9,109448.11,81.7324
2025-06-20 07:11:00,109659.28,109788.12,109484.73,109608.71,64.5122
2025-06-20 07:12:00,106758.2,106952.6,106586.16,106842.39,25.584
2025-06-20 07:13:00,109341.9,109512.78,109317.85,109419.47,21.454
2025-06-20 07:14:00,106400.99,106511.1,106302.24,106374.22,39.7217
2025-06-20 07:15:00,106496.98,106683.14,106411.96,106568.98,15.422
2025-06-20 07:16:00,108172.28,108268.55,108095.48,108266.23,71.7936
2025-06-20 07:17:00,107015.34,107098.57,106880.69,106929.76,12.0725
2025-06-20 07:18:00,108525.98,108674.95,108450.21,108588.04,38.1042
2025-06-20 07:19:00,106505.06,106606.38,106473.91,106543.04,15.0185
2025-06-20 07:20:00,105307.22,105413.22,105186.51,105343.63,46.3155
2025-06-20 07:21:00,107851.44,107936.15,107772.7,107848.78,47.3594
2025-06-20 07:22:00,107952.51,108118.28,107889.83,107891.55,92.3345
2025-06-20 07:23:00,109068.13,109185.11,108932.48,109012.32,10.906
2025-06-20 07:24:00,108393.26,108584.62,108347.92,108330.02,45.5162
2025-06-20 07:25:00,108918.02,109071.18,108770.22,108854.65,35.0628
2025-06-20 07:26:00,105760.2,105798.68,105641.54,105805.68,75.8414
2025-06-20 07:27:00,108760.31,108902.47,108684.06,108732.06,85.5272
2025-06-20 07:28:00,105720.51,105733.28,105554.89,105754.83,36.3222
2025-06-20 07:29:00,106670.19,106762.65,106483.26,106587.4,80.3906
2025-06-20 07:30:00,105501.59,105585.2,105406.31,105407.83,88.5183
2025-06-20 07:31:00,106733.45,106795.01,106712.67,106739.82,21.0618
2025-06-20 07:32:00,107386.14,107560.71,107241.2,107296.53,43.8063
2025-06-20 07:33:00,109136.24,109183.06,109000.52,109051.3,99.9065
2025-06-20 07:34:00,107250.13,107326.11,107062.58,107160.44,98.4868
2025-06-20 07:35:00,107395.36,107594.26,107326.13,107309.12,81.6055
2025-06-20 07:36:00,105501.99,105542.66,105460.62,105472.73,12.948
2025-06-20 07:37:00,106241.15,106409.66,106147.31,106324.94,25.9943
2025-06-20 07:38:00,106745.94,106819.33,106651.38,106673.89,49.173
2025-06-20 07:39:00,105196.62,105368.99,105027.79,105214.36,27.4818
2025-06-20 07:40:00,109822.6,109894.13,109736.71,109834.68,65.0386
2025-06-20 07:41:00,105002.35,105169.93,104816.67,104937.11,13.8941
2025-06-20 07:42:00,105282.42,105320.52,105213.91,105333.37,17.6199
2025-06-20 07:43:00,109973.65,110028.84,109808.89,109944.24,86.4236
2025-06-20 07:44:00,108947.96,109037.18,108841.68,108932.1,81.8891
2025-06-20 07:45:00,105685.09,105756.0,105511.17,105710.87,63.1275
2025-06-20 07:46:00,105219.35,105316.43,105130.82,105246.99,98.6936
2025-06-20 07:47:00,107728.16,107807.32,107601.49,107690.31,60.2549
2025-06-20 07:48:00,107286.08,107328.35,107119.51,107266.72,14.0769
2025-06-20 07:49:00,109662.28,109727.48,109467.75,109701.22,63.1298
2025-06-20 07:50:00,106669.8,106758.09,106525.63,106673.39,89.6341
2025-06-20 07:51:00,107156.96,107205.27,107071.6,107250.42,19.2763
2025-06-20 07:52:00,105377.49,105492.67,105340.31,105376.96,83.4241
2025-06-20 07:53:00,105006.4,105112.98,104860.15,104984.82,43.12
2025-06-20 07:54:00,106057.68,106169.48,106045.62,106114.9,19.8821
2025-06-20 07:55:00,109949.2,109961.08,109868.21,110010.57,49.4409
2025-06-20 07:56:00,106383.66,106412.08,106237.34,106434.92,80.7977
2025-06-20 07:57:00,109726.67,109846.04,109653.72,109821.5,60.4201
2025-06-20 07:58:00,109266.65,109327.89,109108.72,109291.53,96.7179
2025-06-20 07:59:00,109330.05,109428.51,109284.23,109290.84,35.5739
2025-06-20 08:00:00,108008.21,108097.69,107813.13,108025.33,37.3069
2025-06-20 08:01:00,106548.94,106611.68,106536.88,106465.04,74.7465
2025-06-20 08:02:00,108808.91,108895.13,108647.51,108802.7,93.9819
2025-06-20 08:03:00,106268.78,106317.9,106079.3,106321.47,66.2439
2025-06-20 08:04:00,109929.44,109986.59,109874.01,109849.93,90.1585
2025-06-20 08:05:00,107031.99,107143.89,106907.49,106943.27,73.6945
2025-06-20 08:06:00,109893.22,109985.4,109796.06,109829.3,14.022
2025-06-20 08:07:00,107033.6,107173.82,106850.73,106940.72,47.3634
2025-06-20 08:08:00,106312.1,106496.25,106225.43,106403.0,61.0157
2025-06-20 08:09:00,107763.23,107911.47,107638.29,107751.09,48.5086
2025-06-20 08:10:00,105454.51,105523.21,105339.12,105475.79,40.7035
2025-06-20 08:11:00,105143.56,105328.88,105078.42,105113.44,28.5903
2025-06-20 08:12:00,105633.32,105803.63,105539.76,105643.84,41.9324
2025-06-20 08:13:00,105045.39,105079.42,104891.65,104958.4,85.8144
2025-06-20 08:14:00,108355.83,108512.79,108339.55,108410.39,26.9984
2025-06-20 08:15:00,107586.08,107666.11,107404.11,107519.46,58.6019
2025-06-20 08:16:00,108533.0,108625.15,108460.4,108483.0,97.4408
2025-06-20 08:17:00,106614.99,106750.4,106566.53,106691.45,60.6018
2025-06-20 08:18:00,108189.18,108319.74,108135.98,108096.81,67.3946
2025-06-20 08:19:00,108555.38,108663.15,108478.33,108477.72,22.7785
2025-06-20 08:20:00,107198.89,107219.83,107094.37,107230.93,39.7632
2025-06-20 08:21:00,106128.9,106192.08,106051.74,106065.75,53.1882
2025-06-20 08:22:00,107666.42,107804.24,107539.85,107652.04,79.1164
2025-06-20 08:23:00,106972.07,107171.41,106933.08,106983.77,42.475
2025-06-20 08:24:00,106037.87,106214.51,105880.17,106026.16,38.1819
2025-06-20 08:25:00,105991.96,106021.86,105854.64,105992.78,92.9826
2025-06-20 08:26:00,107768.53,107904.63,107585.16,107747.43,82.8294
2025-06-20 08:27:00,106281.92,106350.11,106164.81,106279.26,55.0213
2025-06-20 08:28:00,108332.64,108406.01,108191.47,108277.41,35.6729
2025-06-20 08:29:00,106948.81,107064.51,106753.27,106976.47,32.0284
2025-06-20 08:30:00,107479.84,107678.81,107469.01,107395.38,42.0648
2025-06-20 08:31:00,107455.68,107627.64,107393.16,107508.05,49.4463
2025-06-20 08:32:00,109930.06,110054.23,109822.93,109996.78,82.2908
2025-06-20 08:33:00,108761.94,108842.79,108734.82,108750.39,19.4767
2025-06-20 08:34:00,105294.39,105364.21,105110.51,105301.0,13.8716
2025-06-20 08:35:00,105327.92,105397.04,105276.14,105414.38,25.1608
2025-06-20 08:36:00,107766.43,107859.04,107639.22,107673.09,18.3276
2025-06-20 08:37:00,108979.42,109133.51,108895.07,109013.17,72.9273
2025-06-20 08:38:00,108691.46,108723.3,108508.96,108618.03,83.6474
2025-06-20 08:39:00,105490.25,105624.06,105317.46,105492.51,99.679
2025-06-20 08:40:00,107457.46,107553.45,107442.44,107531.77,40.6677
2025-06-20 08:41:00,107339.52,107448.95,107258.47,107266.48,26.7979
2025-06-20 08:42:00,109934.84,110105.4,109762.13,109916.36,39.3056
2025-06-20 08:43:00,108135.81,108168.81,107941.86,108167.64,22.4043
2025-06-20 08:44:00,108726.26,108841.59,108709.4,108738.96,78.5649
2025-06-20 08:45:00,109779.21,109871.76,109724.52,109740.1,19.7496
2025-06-20 08:46:00,107985.09,108179.85,107953.94,107998.02,24.111
2025-06-20 08:47:00,107853.18,108034.89,107665.44,107843.95,41.0055
2025-06-20 08:48:00,106193.4,106249.93,106062.35,106169.28,84.0854
2025-06-20 08:49:00,106888.47,106907.44,106858.01,106932.08,48.5209
2025-06-20 08:50:00,107927.11,107950.38,107799.34,107898.06,76.1123
2025-06-20 08:51:00,106244.51,106404.3,106061.73,106146.14,57.0143
2025-06-20 08:52:00,109825.69,109896.53,109706.16,109855.44,98.202
2025-06-20 08:53:00,105218.19,105261.58,105144.63,105224.4,96.6579
2025-06-20 08:54:00,108814.79,108852.03,108631.98,108888.83,16.062
2025-06-20 08:55:00,106886.01,107036.43,106748.22,106949.44,27.143
2025-06-20 08:56:00,106617.09,106735.42,106560.15,106647.42,93.3739
2025-06-20 08:57:00,108177.59,108368.8,107979.89,108272.62,57.0229
2025-06-20 08:58:00,107453.97,107552.2,107441.03,107512.05,64.086
2025-06-20 08:59:00,108560.75,108658.58,108446.21,108641.15,34.9697
2025-06-20 09:00:00,109219.87,109337.68,109176.38,109134.14,47.6949
2025-06-20 09:01:00,106342.75,106440.44,106247.92,106442.66,25.6442
2025-06-20 09:02:00,107182.66,107301.91,107128.74,107127.79,67.1447
2025-06-20 09:03:00,106050.52,106160.18,106018.94,106009.06,69.9917
2025-06-20 09:04:00,107511.05,107654.42,107354.67,107459.84,82.5226
2025-06-20 09:05:00,106717.91,106739.49,106656.95,106628.05,33.9452
2025-06-20 09:06:00,109181.95,109214.52,108985.67,109161.66,57.8794
2025-06-20 09:07:00,109803.81,109823.22,109634.4,109867.59,17.2192
2025-06-20 09:08:00,105044.74,105076.42,104907.1,104946.7,98.3655
2025-06-20 09:09:00,108238.66,108373.04,108049.79,108338.34,17.5644
2025-06-20 09:10:00,108702.32,108760.73,108626.9,108653.77,18.8193
2025-06-20 09:11:00,107762.48,107839.52,107741.8,107787.51,72.0418
2025-06-20 09:12:00,105782.7,105805.71,105627.58,105807.5,20.1658
2025-06-20 09:13:00,109592.69,109780.96,109406.26,109499.68,74.3989
2025-06-20 09:14:00,106548.56,106582.34,106415.1,106541.12,98.5228
2025-06-20 09:15:00,107358.44,107388.89,107205.3,107335.35,31.0715
2025-06-20 09:16:00,107445.15,107603.48,107269.69,107535.42,99.4559
2025-06-20 09:17:00,109016.18,109075.49,108974.69,109010.3,70.2673
2025-06-20 09:18:00,105661.89,105685.49,105513.8,105579.33,98.7762
2025-06-20 09:19:00,109575.55,109667.49,109501.67,109574.72,53.4712
2025-06-20 09:20:00,105514.58,105540.42,105364.66,105529.77,27.2362
2025-06-20 09:21:00,105955.32,106049.61,105917.07,105967.83,19.6041
2025-06-20 09:22:00,105464.44,105600.93,105403.2,105374.57,26.8816
2025-06-20 09:23:00,109598.92,109744.77,109406.98,109527.96,59.103
2025-06-20 09:24:00,107191.86,107245.65,107015.91,107133.42,60.5158
2025-06-20 09:25:00,105956.29,106129.02,105828.02,106008.88,57.8593
2025-06-20 09:26:00,106447.52,106561.1,106413.74,106440.08,42.5972
2025-06-20 09:27:00,109783.84,109815.91,109594.95,109690.3,70.9287
2025-06-20 09:28:00,109924.5,109961.24,109870.23,109966.06,93.8415
2025-06-20 09:29:00,106513.8,106653.98,106356.29,106476.54,98.1037
2025-06-20 09:30:00,109505.39,109537.88,109414.15,109600.98,14.4874
2025-06-20 09:31:00,105259.35,105309.76,105153.73,105350.42,31.7624
2025-06-20 09:32:00,107641.89,107671.55,107604.87,107620.8,69.0782
2025-06-20 09:33:00,108915.1,109108.16,108777.42,108902.26,35.0374
2025-06-20 09:34:00,109248.53,109428.76,109159.68,109270.11,88.2689
2025-06-20 09:35:00,109982.51,110155.13,109842.45,110044.43,64.6431
2025-06-20 09:36:00,107961.52,108034.26,107911.61,107937.06,30.4461
2025-06-20 09:37:00,107410.08,107588.72,107279.83,107340.74,92.3241
2025-06-20 09:38:00,109081.05,109179.54,108918.99,109034.72,59.3199
2025-06-20 09:39:00,106936.75,106972.56,106833.29,106931.98,87.8012
2025-06-20 09:40:00,106688.4,106703.37,106595.76,106712.32,11.6177
2025-06-20 09:41:00,108608.13,108689.34,108544.43,108665.69,42.6103
2025-06-20 09:42:00,109477.86,109660.41,109462.5,109446.19,23.6343
2025-06-20 09:43:00,109058.31,109092.56,108861.27,108984.08,47.9607
2025-06-20 09:44:00,106991.53,107062.09,106884.91,106964.52,89.888
2025-06-20 09:45:00,105978.96,106078.85,105949.13,106006.45,63.3074
2025-06-20 09:46:00,107020.5,107066.28,106998.12,107033.63,63.7257
2025-06-20 09:47:00,109751.76,109844.15,109615.02,109672.88,50.1079
2025-06-20 09:48:00,105194.27,105262.69,105026.99,105263.17,27.9348
2025-06-20 09:49:00,109829.22,109914.78,109752.2,109731.16,98.7051
2025-06-20 09:50:00,107117.52,107274.3,106946.66,107182.91,71.8589
2025-06-20 09:51:00,105448.43,105643.89,105313.68,105397.45,69.9878
2025-06-20 09:52:00,108612.68,108664.45,108453.69,108527.04,59.8494
2025-06-20 09:53:00,105630.08,105741.84,105482.25,105635.74,65.0783
2025-06-20 09:54:00,108062.66,108197.81,108004.38,108000.72,11.4623
2025-06-20 09:55:00,106924.97,107021.13,106885.03,107000.62,47.715
2025-06-20 09:56:00,105734.45,105748.18,105631.52,105782.07,90.9383
2025-06-20 09:57:00,108099.11,108250.29,107968.38,108150.13,46.686
2025-06-20 09:58:00,105134.74,105227.29,105059.66,105084.07,36.6041
2025-06-20 09:59:00,109170.46,109238.74,109131.79,109161.77,81.405
2025-06-20 10:00:00,106989.54,107176.45,106841.97,107005.76,71.1576
2025-06-20 10:01:00,107663.95,107859.22,107588.66,107747.81,79.9911
2025-06-20 10:02:00,107471.31,107664.32,107318.27,107451.28,27.2133
2025-06-20 10:03:00,109230.59,109265.33,109178.0,109241.74,69.189
2025-06-20 10:04:00,106572.03,106739.83,106546.23,106594.76,32.6114
2025-06-20 10:05:00,107455.16,107604.04,107443.56,107476.31,95.2768
2025-06-20 10:06:00,108494.1,108619.29,108468.67,108442.53,49.1444
2025-06-20 10:07:00,105031.33,105219.0,104982.17,105070.42,14.4776
2025-06-20 10:08:00,108447.93,108620.63,108430.35,108357.27,48.0683
2025-06-20 10:09:00,108075.1,108203.1,107970.96,107977.2,32.7263
2025-06-20 10:10:00,106823.5,106879.34,106677.87,106893.29,96.3452
2025-06-20 10:11:00,108291.22,108444.63,108178.48,108195.85,72.8923
2025-06-20 10:12:00,107897.43,108073.87,107732.44,107984.79,80.3371
2025-06-20 10:13:00,108432.42,108556.81,108350.48,108365.66,70.4263
2025-06-20 10:14:00,106281.28,106389.98,106203.47,106207.99,11.473
2025-06-20 10:15:00,105378.75,105439.93,105330.28,105365.02,72.6296
2025-06-20 10:16:00,107083.83,107107.25,107006.05,107003.13,43.2364
2025-06-20 10:17:00,106855.19,106978.23,106830.23,106949.78,22.0109
2025-06-20 10:18:00,108215.93,108267.88,108140.75,108280.16,76.4527
2025-06-20 10:19:00,109341.04,109523.82,109224.19,109321.73,79.9561
2025-06-20 10:20:00,106685.43,106743.78,106564.08,106591.27,18.3071
2025-06-20 10:21:00,108289.66,108360.74,108152.31,108298.63,80.2553
2025-06-20 10:22:00,106276.61,106392.84,106232.69,106229.31,66.2875
2025-06-20 10:23:00,105649.88,105774.11,105588.77,105697.78,11.1377
2025-06-20 10:24:00,106532.63,106617.71,106516.45,106570.63,56.45
2025-06-20 10:25:00,107014.89,107084.56,107000.85,107068.93,78.6322
2025-06-20 10:26:00,106237.24,106269.84,106213.1,106304.85,63.1181
2025-06-20 10:27:00,109911.09,110003.01,109738.06,109877.83,22.0361
2025-06-20 10:28:00,109273.86,109399.85,109231.94,109333.53,78.4556
2025-06-20 10:29:00,105138.03,105204.39,104961.44,105109.98,66.8103
2025-06-20 10:30:00,109503.03,109593.58,109407.15,109455.13,28.8699
2025-06-20 10:31:00,108174.12,108347.83,108128.72,108119.74,30.5181
2025-06-20 10:32:00,107587.85,107664.15,107557.29,107576.01,83.3625
2025-06-20 10:33:00,107641.87,107712.13,107628.26,107662.34,88.0866
2025-06-20 10:34:00,108823.13,108925.66,108649.85,108835.3,12.5783
2025-06-20 10:35:00,109109.65,109194.57,108961.91,109086.11,77.3327
2025-06-20 10:36:00,105044.45,105108.2,104930.93,105023.43,36.1762
2025-06-20 10:37:00,106249.81,106431.57,106052.49,106238.1,85.2667
2025-06-20 10:38:00,109714.63,109859.23,109677.8,109708.07,56.1106
2025-06-20 10:39:00,108242.15,108374.51,108191.3,108270.13,80.9119
2025-06-20 10:40:00,105981.92,106033.41,105854.7,105918.26,68.4301
2025-06-20 10:41:00,109136.66,109147.84,108978.54,109077.79,58.3651
2025-06-20 10:42:00,107551.75,107730.85,107408.32,107593.4,19.6171
2025-06-20 10:43:00,108709.45,108786.39,108611.81,108757.09,71.1084
2025-06-20 10:44:00,105402.31,105556.03,105325.22,105495.95,42.2679
2025-06-20 10:45:00,107703.28,107836.29,107568.89,107626.4,64.7769
2025-06-20 10:46:00,106008.98,106106.26,105993.74,106012.86,98.3566
2025-06-20 10:47:00,106593.09,106618.9,106463.34,106683.02,72.9009
2025-06-20 10:48:00,105112.55,105280.53,104963.86,105036.17,26.7192
2025-06-20 10:49:00,108388.04,108583.09,108285.18,108353.14,87.7375
2025-06-20 10:50:00,107601.23,107656.96,107479.13,107570.96,18.4171
2025-06-20 10:51:00,106756.09,106914.97,106667.72,106687.93,50.6002
2025-06-20 10:52:00,105630.74,105655.01,105435.85,105614.28,24.5071
2025-06-20 10:53:00,107066.55,107121.05,107028.34,107021.39,86.4725
2025-06-20 10:54:00,109161.67,109174.26,109091.72,109186.98,96.3395
2025-06-20 10:55:00,108150.68,108213.02,108056.49,108130.76,47.6504
2025-06-20 10:56:00,106230.79,106421.56,106057.51,106261.91,43.2677
2025-06-20 10:57:00,109067.07,109211.33,109052.96,109036.0,73.3951
2025-06-20 10:58:00,108847.75,108975.88,108787.91,108793.22,49.8854
2025-06-20 10:59:00,107441.86,107504.39,107389.79,107411.46,76.1604
2025-06-20 11:00:00,109868.53,109885.63,109722.27,109930.66,67.5534
2025-06-20 11:01:00,109590.26,109772.85,109435.09,109680.57,45.2125
2025-06-20 11:02:00,108444.26,108515.05,108385.31,108378.87,31.8284
2025-06-20 11:03:00,109429.97,109572.06,109328.71,109529.87,48.4166
2025-06-20 11:04:00,108773.28,108805.87,108732.41,108852.6,39.0635
2025-06-20 11:05:00,106909.35,107017.02,106732.82,106981.31,25.5728
2025-06-20 11:06:00,105027.88,105052.75,104958.54,105108.32,14.6816
2025-06-20 11:07:00,107769.03,107875.91,107581.18,107838.94,70.0339
2025-06-20 11:08:00,105948.6,105959.42,105819.19,106005.69,19.347
2025-06-20 11:09:00,106821.15,106968.27,106780.78,106906.78,13.4617
2025-06-20 11:10:00,109354.06,109486.63,109274.33,109437.58,65.4836
2025-06-20 11:11:00,108772.65,108924.4,108653.59,108709.89,66.415
2025-06-20 11:12:00,109616.53,109649.26,109572.96,109556.66,27.5686
2025-06-20 11:13:00,108380.38,108410.03,108290.41,108429.78,29.2257
2025-06-20 11:14:00,106243.66,106261.68,106149.13,106268.23,15.5105
2025-06-20 11:15:00,107188.41,107212.89,107015.17,107266.02,30.8347
2025-06-20 11:16:00,109043.54,109177.24,108849.38,108993.54,57.8686
2025-06-20 11:17:00,108563.62,108632.84,108511.25,108513.16,23.2579
2025-06-20 11:18:00,106086.32,106168.29,105998.38,106185.09,47.0799
2025-06-20 11:19:00,108184.72,108269.45,108009.75,108124.3,94.6369
2025-06-20 11:20:00,108465.67,108642.79,108314.38,108489.83,16.1522
2025-06-20 11:21:00,106561.79,106700.7,106457.01,106578.79,78.3957
2025-06-20 11:22:00,109395.71,109542.34,109290.14,109450.63,94.6328
2025-06-20 11:23:00,107468.35,107493.23,107440.0,107385.11,50.4295
2025-06-20 11:24:00,106414.77,106512.22,106339.78,106324.88,13.8571
2025-06-20 11:25:00,106477.75,106501.95,106396.27,106429.85,61.0355
2025-06-20 11:26:00,109611.28,109660.31,109492.58,109528.91,86.6443
2025-06-20 11:27:00,107817.98,108000.8,107658.23,107838.63,55.2443
2025-06-20 11:28:00,108216.44,108340.9,108076.54,108124.82,13.2154
2025-06-20 11:29:00,106879.4,106897.19,106843.18,106861.64,50.5397
2025-06-20 11:30:00,106758.07,106942.92,106724.61,106802.35,29.6501
2025-06-20 11:31:00,106731.92,106914.71,106647.78,106660.16,20.8477
2025-06-20 11:32:00,107941.67,108123.34,107771.64,107998.58,44.041
2025-06-20 11:33:00,106277.41,106468.26,106219.05,106264.47,66.7563
2025-06-20 11:34:00,108535.91,108671.97,108390.56,108513.81,75.369
2025-06-20 11:35:00,108344.33,108392.53,108159.14,108302.87,50.2351
2025-06-20 11:36:00,108860.06,108926.82,108689.45,108768.09,54.4051
2025-06-20 11:37:00,106569.38,106585.49,106535.89,106470.4,62.0024
2025-06-20 11:38:00,106015.61,106043.18,105828.25,106056.94,86.8898
2025-06-20 11:39:00,105397.25,105550.26,105239.29,105482.03,96.7564
2025-06-20 11:40:00,105847.31,106008.2,105761.47,105831.42,69.6085
2025-06-20 11:41:00,107497.93,107583.39,107337.29,107545.43,54.3201
2025-06-20 11:42:00,108406.93,108476.76,108276.66,108414.11,89.0569
2025-06-20 11:43:00,105333.36,105423.18,105292.48,105247.98,86.4881
2025-06-20 11:44:00,105157.87,105266.11,105082.59,105189.43,52.2042
2025-06-20 11:45:00,107152.48,107302.32,107032.87,107080.26,49.8512
2025-06-20 11:46:00,109430.52,109546.95,109250.6,109510.77,22.7962
2025-06-20 11:47:00,105319.83,105492.16,105249.24,105225.66,30.2849
2025-06-20 11:48:00,109566.71,109674.39,109373.94,109659.93,33.9245
2025-06-20 11:49:00,106639.49,106767.78,106536.06,106642.85,27.0598
2025-06-20 11:50:00,108045.97,108166.22,108025.78,108060.86,91.582
2025-06-20 11:51:00,109474.83,109596.83,109428.91,109506.44,21.385
2025-06-20 11:52:00,105375.09,105547.4,105355.02,105424.93,92.6158
2025-06-20 11:53:00,106822.13,106897.14,106777.07,106857.34,95.9937
2025-06-20 11:54:00,108874.62,108977.47,108775.78,108797.4,55.5797
2025-06-20 11:55:00,105006.01,105151.38,104839.05,104990.8,85.3212
2025-06-20 11:56:00,106112.43,106160.98,105917.74,106123.8,76.1931
2025-06-20 11:57:00,108175.39,108307.0,108091.65,108189.2,98.3468
2025-06-20 11:58:00,109927.07,110080.81,109761.67,109929.97,29.0643
2025-06-20 11:59:00,109576.2,109692.01,109415.45,109667.19,14.5531
2025-06-20 12:00:00,105230.48,105327.24,105121.8,105258.72,71.0174
2025-06-20 12:01:00,105039.16,105082.78,104878.25,105109.59,52.822
2025-06-20 12:02:00,107024.84,107050.64,106995.97,107070.96,54.741
2025-06-20 12:03:00,108443.27,108628.89,108415.81,108530.16,42.4806
2025-06-20 12:04:00,109477.92,109649.11,109304.35,109572.6,39.5238
2025-06-20 12:05:00,109684.58,109716.14,109545.26,109753.13,20.712
2025-06-20 12:06:00,105545.92,105573.03,105518.78,105542.78,50.8111
2025-06-20 12:07:00,109142.27,109331.96,108973.45,109194.66,87.0407
2025-06-20 12:08:00,109018.37,109157.99,108925.46,108988.48,18.7486
2025-06-20 12:09:00,109673.73,109791.43,109615.63,109725.41,97.5286
2025-06-20 12:10:00,105570.77,105612.69,105496.79,105487.26,48.684
2025-06-20 12:11:00,109941.58,110040.74,109772.49,109858.95,15.6895
2025-06-20 12:12:00,108662.29,108686.36,108465.2,108609.85,32.384
2025-06-20 12:13:00,105847.48,105883.66,105831.03,105772.38,52.6852
2025-06-20 12:14:00,107433.21,107580.58,107304.79,107425.08,36.4929
2025-06-20 12:15:00,107829.19,107888.16,107724.69,107817.07,40.5388
2025-06-20 12:16:00,107380.08,107455.72,107257.81,107289.36,59.5647
2025-06-20 12:17:00,109420.76,109576.44,109278.79,109490.14,77.5247
2025-06-20 12:18:00,106728.57,106874.02,106676.71,106724.88,62.1669
2025-06-20 12:19:00,108260.84,108312.89,108218.12,108316.32,95.5303
2025-06-20 12:20:00,106920.9,106941.93,106730.48,106991.56,81.7174
2025-06-20 12:21:00,106872.11,106980.79,106708.84,106923.88,77.6568
2025-06-20 12:22:00,106064.93,106123.39,105881.54,105981.35,15.0314
2025-06-20 12:23:00,108619.51,108771.11,108554.36,108592.85,28.992
2025-06-20 12:24:00,109408.56,109577.06,109360.33,109340.27,22.7265
2025-06-20 12:25:00,106882.13,107014.57,106785.94,106790.3,52.1692
2025-06-20 12:26:00,109335.1,109369.19,109161.5,109238.6,26.3726
2025-06-20 12:27:00,109004.67,109062.11,108956.64,108989.8,93.0361
2025-06-20 12:28:00,109874.49,109943.01,109746.57,109878.44,93.7783
2025-06-20 12:29:00,109455.28,109581.05,109255.43,109357.54,23.7035
2025-06-20 12:30:00,105444.99,105473.43,105319.5,105510.77,38.2221
2025-06-20 12:31:00,107870.46,107902.92,107839.5,107877.14,70.8705
2025-06-20 12:32:00,105372.02,105537.64,105264.55,105318.95,83.9629
2025-06-20 12:33:00,107312.79,107471.15,107298.4,107358.52,71.3468
2025-06-20 12:34:00,107135.83,107296.34,106973.37,107195.99,25.5292
2025-06-20 12:35:00,109840.73,110001.9,109773.56,109917.4,24.4361
2025-06-20 12:36:00,107751.42,107815.1,107684.13,107701.89,40.6746
2025-06-20 12:37:00,108709.66,108864.57,108680.37,108787.02,66.6824
2025-06-20 12:38:00,107355.31,107539.81,107249.71,107293.29,16.7114
2025-06-20 12:39:00,109135.3,109229.11,109088.36,109233.36,66.2566
2025-06-20 12:40:00,107832.99,108001.41,107654.39,107866.17,82.2715
2025-06-20 12:41:00,106209.29,106226.89,106116.46,106230.94,20.4039
2025-06-20 12:42:00,107321.55,107470.81,107251.66,107414.24,36.3331
2025-06-20 12:43:00,109231.96,109341.22,109109.59,109264.25,35.6478
2025-06-20 12:44:00,105958.15,106064.91,105883.33,105900.8,56.764
2025-06-20 12:45:00,109450.06,109637.69,109307.27,109430.17,36.5069
2025-06-20 12:46:00,106601.38,106723.47,106572.25,106654.91,28.3773
2025-06-20 12:47:00,107147.34,107166.94,107098.76,107149.07,51.8557
2025-06-20 12:48:00,109777.78,109843.64,109747.03,109718.66,92.1833
2025-06-20 12:49:00,108489.25,108686.55,108342.74,108461.13,98.7122
2025-06-20 12:50:00,109892.92,109918.08,109706.39,109961.47,59.5013
2025-06-20 12:51:00,105244.41,105399.43,105162.6,105247.78,23.1912
2025-06-20 12:52:00,106256.64,106420.28,106114.33,106165.88,55.7782
2025-06-20 12:53:00,106068.25,106266.61,105917.22,106042.85,26.4154
2025-06-20 12:54:00,107389.17,107420.1,107250.87,107441.63,57.2496
2025-06-20 12:55:00,105943.24,106103.96,105786.32,105858.81,13.0211
2025-06-20 12:56:00,106060.66,106072.65,106018.53,106125.34,31.4517
2025-06-20 12:57:00,109168.93,109194.96,109131.15,109168.62,45.5336
2025-06-20 12:58:00,108923.71,109030.55,108911.4,108991.19,10.3088
2025-06-20 12:59:00,106366.59,106402.25,106295.7,106424.91,37.0449
2025-06-20 13:00:00,107568.44,107703.29,107524.66,107552.28,77.7949
2025-06-20 13:01:00,108640.92,108695.6,108600.04,108560.42,37.7948
2025-06-20 13:02:00,109612.75,109782.41,109476.19,109635.68,25.6565
2025-06-20 13:03:00,108810.37,108862.12,108694.88,108755.03,20.8959
2025-06-20 13:04:00,109031.05,109092.56,109009.76,109113.35,73.2181
2025-06-20 13:05:00,106830.41,106945.69,106765.84,106786.58,80.2964
2025-06-20 13:06:00,107989.36,108175.39,107955.49,107937.52,29.6656
2025-06-20 13:07:00,107786.63,107829.12,107661.32,107853.79,16.8246
2025-06-20 13:08:00,105381.61,105446.19,105334.35,105287.55,21.3771
2025-06-20 13:09:00,108482.24,108652.68,108401.42,108523.86,58.5515
2025-06-20 13:10:00,105281.55,105479.45,105191.71,105358.14,51.3058
2025-06-20 13:11:00,109167.36,109311.15,109050.19,109172.7,85.5883
2025-06-20 13:12:00,107735.31,107875.95,107719.46,107710.93,51.59
2025-06-20 13:13:00,109960.98,110057.64,109830.04,109957.96,74.6968
2025-06-20 13:14:00,109482.05,109578.47,109391.13,109499.5,31.2083
2025-06-20 13:15:00,109496.03,109543.37,109399.81,109501.69,95.6165
2025-06-20 13:16:00,109395.41,109558.77,109291.15,109355.28,94.0381
2025-06-20 13:17:00,106715.05,106831.83,106580.14,106687.68,91.683
2025-06-20 13:18:00,107658.3,107837.61,107590.19,107755.05,39.36
2025-06-20 13:19:00,108436.2,108577.97,108314.21,108439.35,29.0272
2025-06-20 13:20:00,109910.51,109950.25,109804.98,109913.38,94.5097
2025-06-20 13:21:00,108952.92,109044.75,108859.79,109043.11,71.9977
2025-06-20 13:22:00,107694.1,107765.51,107661.86,107671.42,95.4192
2025-06-20 13:23:00,105344.3,105420.97,105282.26,105279.03,27.9379
2025-06-20 13:24:00,108132.43,108310.32,108119.03,108177.54,24.616
2025-06-20 13:25:00,107364.78,107533.3,107200.0,107278.6,84.6156
2025-06-20 13:26:00,108077.01,108109.67,108029.21,108081.29,83.7679
2025-06-20 13:27:00,109763.9,109945.83,109728.1,109757.28,44.2644
2025-06-20 13:28:00,106975.17,107030.07,106946.06,106919.04,55.4906
2025-06-20 13:29:00,109128.5,109165.6,109050.27,109111.86,91.3968
2025-06-20 13:30:00,108510.87,108661.03,108343.41,108424.2,71.368
2025-06-20 13:31:00,109942.62,110010.6,109743.4,109907.94,69.7066
2025-06-20 13:32:00,105370.04,105462.57,105233.27,105289.26,91.7404
2025-06-20 13:33:00,109652.26,109693.14,109495.65,109667.83,35.1932
2025-06-20 13:34:00,105122.45,105198.96,104964.38,105030.59,10.1674
2025-06-20 13:35:00,109876.08,109992.27,109713.6,109857.94,46.8112
2025-06-20 13:36:00,105135.52,105153.33,105012.72,105088.03,35.8587
2025-06-20 13:37:00,109252.02,109324.01,109076.83,109314.08,62.3723
2025-06-20 13:38:00,108403.04,108423.98,108247.61,108433.67,79.4593
2025-06-20 13:39:00,105289.95,105418.92,105256.57,105212.91,98.2642
2025-06-20 13:40:00,108057.14,108166.45,107989.9,108063.56,86.5212
2025-06-20 13:41:00,106045.1,106186.27,105884.52,106056.68,68.7216
2025-06-20 13:42:00,106331.25,106524.16,106233.9,106286.25,49.5725
2025-06-20 13:43:00,109270.54,109466.53,109083.43,109305.93,84.8043
2025-06-20 13:44:00,109382.19,109472.3,109328.34,109458.39,16.2168
2025-06-20 13:45:00,107650.28,107750.71,107563.54,107735.71,62.157
2025-06-20 13:46:00,105279.86,105298.53,105083.86,105266.18,14.031
2025-06-20 13:47:00,109089.24,109100.59,109053.91,109169.14,73.4443
2025-06-20 13:48:00,109087.71,109210.02,108966.55,109172.41,67.4862
2025-06-20 13:49:00,105260.86,105428.45,105133.06,105261.57,74.4706
2025-06-20 13:50:00,109460.34,109569.93,109293.81,109555.86,82.5603
2025-06-20 13:51:00,107323.65,107358.38,107178.76,107275.72,33.9566
2025-06-20 13:52:00,108182.79,108313.61,108051.56,108263.02,61.1056
2025-06-20 13:53:00,107291.73,107321.85,107273.34,107372.6,83.174
2025-06-20 13:54:00,106855.75,106956.61,106708.58,106824.81,49.9041
2025-06-20 13:55:00,105408.06,105600.53,105274.5,105345.08,96.6233
2025-06-20 13:56:00,108350.18,108464.67,108189.18,108337.62,68.554
2025-06-20 13:57:00,108820.01,108880.6,108790.08,108738.14,84.1247
2025-06-20 13:58:00,108410.38,108440.06,108249.98,108470.18,41.1529
2025-06-20 13:59:00,109846.16,109929.2,109713.51,109828.68,89.4255
2025-06-20 14:00:00,105248.53,105404.2,105104.05,105288.34,97.561
2025-06-20 14:01:00,106840.47,106858.2,106711.08,106872.84,81.8134
2025-06-20 14:02:00,109665.03,109810.2,109640.05,109725.77,76.145
2025-06-20 14:03:00,107337.04,107391.97,107264.02,107281.8,97.1746
2025-06-20 14:04:00,108479.43,108535.8,108326.54,108542.34,21.1608
2025-06-20 14:05:00,107586.31,107636.34,107389.52,107623.96,20.6202
2025-06-20 14:06:00,109158.23,109246.2,109135.32,109244.8,87.3599
2025-06-20 14:07:00,108237.16,108421.93,108189.77,108219.77,30.2741
2025-06-20 14:08:00,108471.32,108507.4,108363.41,108491.86,11.3622
2025-06-20 14:09:00,109918.18,110087.39,109731.13,109916.39,70.874
2025-06-20 14:10:00,106382.2,106474.32,106296.09,106441.66,68.4206
2025-06-20 14:11:00,105152.75,105221.98,105085.07,105141.39,57.3855
2025-06-20 14:12:00,106947.17,107128.0,106927.26,106997.4,44.0279
2025-06-20 14:13:00,108283.51,108431.52,108211.0,108205.13,65.0109
2025-06-20 14:14:00,107790.61,107849.53,107734.59,107782.31,22.451
2025-06-20 14:15:00,109997.02,110056.2,109961.73,110095.4,26.5733
2025-06-20 14:16:00,105944.33,106098.04,105763.78,105980.53,90.4027
2025-06-20 14:17:00,106946.91,106995.13,106886.87,106850.74,79.9542
2025-06-20 14:18:00,108531.24,108659.38,108454.82,108507.74,65.4167
2025-06-20 14:19:00,108542.46,108716.25,108420.48,108526.84,76.1031
2025-06-20 14:20:00,107053.16,107251.8,106898.33,107088.37,38.2324
2025-06-20 14:21:00,107780.92,107959.63,107713.14,107826.09,31.1239
2025-06-20 14:22:00,106830.07,106982.85,106800.07,106800.36,81.4897
2025-06-20 14:23:00,109243.45,109358.71,109055.5,109340.44,76.091
2025-06-20 14:24:00,109779.65,109942.41,109653.45,109810.05,90.7938
2025-06-20 14:25:00,106703.78,106861.06,106507.8,106623.68,54.7173
2025-06-20 14:26:00,107879.35,108029.91,107821.39,107883.77,62.1592
2025-06-20 14:27:00,108316.21,108511.7,108279.79,108302.68,65.5541
2025-06-20 14:28:00,106771.61,106931.3,106756.92,106749.65,73.2336
2025-06-20 14:29:00,109912.02,110074.59,109884.67,109983.74,63.2014
2025-06-20 14:30:00,107505.9,107621.5,107384.08,107420.32,74.8583
2025-06-20 14:31:00,108421.07,108482.53,108274.69,108438.12,52.6531
2025-06-20 14:32:00,109113.53,109272.81,108969.48,109165.2,57.9524
2025-06-20 14:33:00,109529.06,109637.18,109389.27,109490.47,76.8722
2025-06-20 14:34:00,109450.27,109497.08,109351.27,109489.54,79.4649
2025-06-20 14:35:00,106186.0,106337.76,106049.81,106125.7,27.6798
2025-06-20 14:36:00,106777.98,106936.66,106757.68,106775.53,19.4718
2025-06-20 14:37:00,107194.63,107329.7,107173.08,107164.92,18.8659
2025-06-20 14:38:00,109612.69,109808.12,109472.89,109549.66,57.6126
2025-06-20 14:39:00,109004.0,109120.64,108948.95,109053.1,12.8632
2025-06-20 14:40:00,109706.68,109752.47,109511.37,109657.89,20.3383
2025-06-20 14:41:00,108801.83,108840.58,108721.22,108837.42,90.7102
2025-06-20 14:42:00,105327.25,105433.29,105285.27,105309.76,25.2472
2025-06-20 14:43:00,105507.07,105702.78,105353.5,105556.79,21.7705
2025-06-20 14:44:00,106798.3,106856.82,106751.52,106845.93,18.0898
2025-06-20 14:45:00,109100.79,109231.89,108912.0,109077.83,95.0261
2025-06-20 14:46:00,108094.99,108174.57,107996.64,108090.59,45.5066
2025-06-20 14:47:00,107284.19,107348.6,107155.15,107262.5,26.7014
2025-06-20 14:48:00,107954.99,108048.41,107856.47,107901.26,74.8262
2025-06-20 14:49:00,107763.84,107961.23,107740.14,107828.84,95.4035
2025-06-20 14:50:00,109789.86,109938.71,109749.21,109884.32,80.1693
2025-06-20 14:51:00,107175.17,107295.09,107026.16,107091.87,12.0783
2025-06-20 14:52:00,109016.29,109214.3,108957.22,109012.85,92.3946
2025-06-20 14:53:00,109645.89,109683.1,109489.98,109571.37,63.9397
2025-06-20 14:54:00,109409.54,109446.78,109364.67,109353.87,53.8725
2025-06-20 14:55:00,108581.73,108756.78,108385.01,108664.97,43.1233
2025-06-20 14:56:00,105707.83,105832.95,105642.91,105743.37,19.8726
2025-06-20 14:57:00,107303.11,107350.85,107198.16,107219.63,22.5452
2025-06-20 14:58:00,107602.86,107761.49,107431.93,107510.35,69.9898
2025-06-20 14:59:00,107316.97,107464.69,107118.32,107337.39,37.331
2025-06-20 15:00:00,107646.51,107737.13,107546.76,107624.3,43.7554
2025-06-20 15:01:00,107509.84,107587.09,107470.58,107443.21,21.3606
2025-06-20 15:02:00,106834.46,107007.94,106733.01,106859.46,42.0186
2025-06-20 15:03:00,107116.35,107301.73,107074.56,107123.55,64.0062
2025-06-20 15:04:00,107773.45,107792.28,107581.14,107788.19,54.6794
2025-06-20 15:05:00,106670.14,106743.64,106625.49,106624.93,38.907
2025-06-20 15:06:00,108418.79,108548.05,108250.13,108322.56,62.658
2025-06-20 15:07:00,105287.55,105329.69,105241.45,105378.66,78.6413
2025-06-20 15:08:00,109381.08,109576.85,109235.43,109419.48,46.7781
2025-06-20 15:09:00,105583.39,105748.97,105483.0,105652.57,88.8242
2025-06-20 15:10:00,106469.91,106515.77,106448.74,106447.11,43.3037
2025-06-20 15:11:00,105345.53,105477.89,105201.47,105444.98,44.1575
2025-06-20 15:12:00,108668.18,108764.3,108545.33,108637.93,80.0305
2025-06-20 15:13:00,105295.9,105341.64,105179.08,105256.78,85.9638
2025-06-20 15:14:00,105510.07,105541.42,105338.98,105484.12,29.346
2025-06-20 15:15:00,106953.81,107068.95,106798.88,106953.39,98.3153
2025-06-20 15:16:00,106293.96,106467.24,106150.18,106243.37,33.1051
2025-06-20 15:17:00,105176.16,105331.7,105110.88,105242.64,71.903
2025-06-20 15:18:00,106451.55,106649.58,106298.86,106441.64,61.4848
2025-06-20 15:19:00,108405.66,108460.3,108359.02,108490.08,17.1079
2025-06-20 15:20:00,105274.23,105358.12,105149.38,105355.87,92.9295
2025-06-20 15:21:00,108189.2,108307.55,108125.85,108264.95,74.3402
2025-06-20 15:22:00,108569.53,108734.69,108431.68,108636.04,18.1434
2025-06-20 15:23:00,107262.56,107338.28,107227.47,107352.73,56.2599
2025-06-20 15:24:00,107735.01,107863.1,107681.74,107647.7,69.0443
2025-06-20 15:25:00,107114.14,107145.0,106930.25,107091.8,95.9991
2025-06-20 15:26:00,106096.98,106278.19,106061.85,106009.95,51.7091
2025-06-20 15:27:00,108105.59,108215.08,108084.99,108052.61,77.871
2025-06-20 15:28:00,107684.06,107773.7,107570.32,107679.8,76.5836
2025-06-20 15:29:00,107319.91,107454.44,107138.7,107228.65,37.074
2025-06-20 15:30:00,105442.92,105615.23,105243.23,105350.84,58.1082
2025-06-20 15:31:00,108273.85,108394.73,108236.18,108265.32,52.6067
2025-06-20 15:32:00,107499.85,107630.87,107355.76,107508.93,55.1761
2025-06-20 15:33:00,106402.88,106479.08,106358.59,106432.31,41.6388
2025-06-20 15:34:00,108060.16,108170.75,107985.46,108104.46,15.4516
2025-06-20 15:35:00,106029.67,106140.82,105975.32,106102.62,66.8472
2025-06-20 15:36:00,109251.56,109361.79,109102.29,109252.7,30.8786
2025-06-20 15:37:00,105032.1,105174.35,104952.21,105045.0,35.8581
2025-06-20 15:38:00,109193.22,109266.52,109139.46,109274.37,68.2975
2025-06-20 15:39:00,105210.76,105363.07,105114.69,105285.5,86.5968
2025-06-20 15:40:00,105629.34,105758.83,105470.01,105619.78,54.2186
2025-06-20 15:41:00,108316.73,108339.59,108204.08,108351.07,75.8582
2025-06-20 15:42:00,109877.18,110018.57,109688.56,109875.36,37.5937
2025-06-20 15:43:00,107162.76,107194.3,107036.47,107218.05,87.7534
2025-06-20 15:44:00,108665.68,108787.25,108633.93,108621.25,42.1435
2025-06-20 15:45:00,108037.4,108058.28,107840.9,108119.5,10.1654
2025-06-20 15:46:00,109498.73,109575.27,109399.41,109593.54,82.228
2025-06-20 15:47:00,108826.9,108854.17,108628.3,108822.61,77.0518
2025-06-20 15:48:00,105641.01,105674.06,105477.59,105701.52,48.7212
2025-06-20 15:49:00,109384.53,109562.44,109234.02,109347.77,58.8575
2025-06-20 15:50:00,105826.26,105950.32,105689.03,105735.8,34.4985
2025-06-20 15:51:00,109001.71,109181.13,108838.09,108919.94,59.9453
2025-06-20 15:52:00,108949.5,109119.14,108764.52,108987.26,59.0241
2025-06-20 15:53:00,106991.53,107098.43,106846.98,106938.42,89.7626
2025-06-20 15:54:00,109514.88,109572.25,109496.93,109528.26,77.9421
2025-06-20 15:55:00,106765.09,106851.36,106748.11,106765.89,57.6037
2025-06-20 15:56:00,107099.8,107248.28,107048.3,107164.86,42.5532
2025-06-20 15:57:00,106872.54,106893.53,106757.31,106926.18,29.5724
2025-06-20 15:58:00,106730.1,106838.16,106584.69,106828.27,62.0291
2025-06-20 15:59:00,108941.75,109076.02,108901.15,108880.63,44.4246
2025-06-20 16:00:00,106361.91,106393.56,106282.04,106342.67,81.0375
2025-06-20 16:01:00,107987.14,108046.93,107903.67,107967.12,87.1637
2025-06-20 16:02:00,106431.62,106526.32,106324.58,106357.06,46.5476
2025-06-20 16:03:00,109848.93,109916.17,109821.95,109884.68,50.918
2025-06-20 16:04:00,105542.13,105700.76,105378.71,105604.62,51.7115
2025-06-20 16:05:00,107249.26,107410.14,107050.33,107254.54,97.5227
2025-06-20 16:06:00,106474.8,106663.54,106397.36,106379.45,12.6514
2025-06-20 16:07:00,106110.39,106183.24,106017.38,106123.25,90.3338
2025-06-20 16:08:00,107921.08,108099.68,107898.88,107925.22,98.3876
2025-06-20 16:09:00,107163.08,107355.16,107025.84,107245.62,73.2367
2025-06-20 16:10:00,108894.45,109069.73,108813.63,108964.02,40.8167
2025-06-20 16:11:00,109860.72,109970.89,109796.93,109951.92,76.9265
2025-06-20 16:12:00,109493.08,109554.7,109432.96,109432.12,74.5385
2025-06-20 16:13:00,106345.31,106487.08,106237.28,106335.76,28.7709
2025-06-20 16:14:00,108230.7,108281.51,108219.95,108314.97,12.1683
2025-06-20 16:15:00,105865.18,105999.9,105726.3,105941.58,19.7978
2025-06-20 16:16:00,108607.28,108770.67,108478.39,108617.7,62.2408
2025-06-20 16:17:00,105972.06,106017.61,105858.97,106029.95,74.33
2025-06-20 16:18:00,108001.27,108047.58,107982.23,107961.36,19.8013
2025-06-20 16:19:00,109106.95,109255.83,109044.2,109037.93,82.7247
2025-06-20 16:20:00,106473.8,106494.22,106310.6,106559.12,91.495
2025-06-20 16:21:00,105931.28,105999.18,105845.74,105982.38,76.6298
2025-06-20 16:22:00,106945.14,107143.93,106882.83,106910.66,46.9295
2025-06-20 16:23:00,105966.67,106129.24,105828.28,106006.85,14.4348
2025-06-20 16:24:00,106898.51,106916.91,106747.93,106963.54,52.4158
2025-06-20 16:25:00,107426.75,107619.39,107316.13,107471.7,19.6862
2025-06-20 16:26:00,107605.46,107756.43,107512.74,107685.85,28.6114
2025-06-20 16:27:00,106150.53,106261.47,105970.22,106059.63,43.2358
2025-06-20 16:28:00,109227.2,109335.06,109117.95,109271.41,37.9251
2025-06-20 16:29:00,108049.94,108249.78,107907.31,108110.1,25.7962
2025-06-20 16:30:00,106600.3,106779.25,106523.56,106596.43,48.7847
2025-06-20 16:31:00,105254.64,105358.54,105217.68,105237.85,94.4961
2025-06-20 16:32:00,108894.23,108947.76,108813.47,108893.94,43.0735
2025-06-20 16:33:00,107435.91,107504.12,107398.99,107497.9,99.0097
2025-06-20 16:34:00,107359.0,107431.1,107312.81,107353.79,59.8536
2025-06-20 16:35:00,105565.99,105607.08,105466.12,105650.35,12.3038
2025-06-20 16:36:00,108109.91,108261.89,107954.48,108053.64,10.7619
2025-06-20 16:37:00,109995.19,110080.93,109802.55,109921.0,87.2672
2025-06-20 16:38:00,106094.29,106193.64,105946.32,106168.83,17.2144
2025-06-20 16:39:00,108157.27,108286.33,108056.72,108088.12,21.1496
